{
  "formatVersion": 1,
  "database": {
    "version": 8,
    "identityHash": "58d48a3627aec902d41219e23f6604b2",
    "entities": [
      {
        "tableName": "InformacoesVoo",
        "createSql": "CREATE TABLE IF NOT EXISTS `${TABLE_NAME}` (`id` TEXT NOT NULL, `tipo` TEXT, `preco` TEXT, `companhia` TEXT, `hora` TEXT, `fluxoViagem` TEXT, `duracao` TEXT, `horaV` TEXT, `idaVolta` TEXT, PRIMARY KEY(`id`))",
        "fields": [
          {
            "fieldPath": "id",
            "columnName": "id",
            "affinity": "TEXT",
            "notNull": true
          },
          {
            "fieldPath": "tipo",
            "columnName": "tipo",
            "affinity": "TEXT",
            "notNull": false
          },
          {
            "fieldPath": "preco",
            "columnName": "preco",
            "affinity": "TEXT",
            "notNull": false
          },
          {
            "fieldPath": "companhia",
            "columnName": "companhia",
            "affinity": "TEXT",
            "notNull": false
          },
          {
            "fieldPath": "hora",
            "columnName": "hora",
            "affinity": "TEXT",
            "notNull": false
          },
          {
            "fieldPath": "fluxoViagem",
            "columnName": "fluxoViagem",
            "affinity": "TEXT",
            "notNull": false
          },
          {
            "fieldPath": "duracao",
            "columnName": "duracao",
            "affinity": "TEXT",
            "notNull": false
          },
          {
            "fieldPath": "horaV",
            "columnName": "horaV",
            "affinity": "TEXT",
            "notNull": false
          },
          {
            "fieldPath": "idaVolta",
            "columnName": "idaVolta",
            "affinity": "TEXT",
            "notNull": false
          }
        ],
        "primaryKey": {
          "columnNames": [
            "id"
          ],
          "autoGenerate": false
        },
        "indices": [],
        "foreignKeys": []
      },
      {
        "tableName": "InformacoesHotel",
        "createSql": "CREATE TABLE IF NOT EXISTS `${TABLE_NAME}` (`id` INTEGER PRIMARY KEY AUTOINCREMENT NOT NULL, `tipoHotel` TEXT, `nomeHotel` TEXT, `chainCodeHotel` TEXT, `roomTypeHotel` TEXT, `roomDescriptionHotel` TEXT, `priceHotel` TEXT, `latitude` REAL, `longitude` REAL)",
        "fields": [
          {
            "fieldPath": "id",
            "columnName": "id",
            "affinity": "INTEGER",
            "notNull": true
          },
          {
            "fieldPath": "tipoHotel",
            "columnName": "tipoHotel",
            "affinity": "TEXT",
            "notNull": false
          },
          {
            "fieldPath": "nomeHotel",
            "columnName": "nomeHotel",
            "affinity": "TEXT",
            "notNull": false
          },
          {
            "fieldPath": "chainCodeHotel",
            "columnName": "chainCodeHotel",
            "affinity": "TEXT",
            "notNull": false
          },
          {
            "fieldPath": "roomTypeHotel",
            "columnName": "roomTypeHotel",
            "affinity": "TEXT",
            "notNull": false
          },
          {
            "fieldPath": "roomDescriptionHotel",
            "columnName": "roomDescriptionHotel",
            "affinity": "TEXT",
            "notNull": false
          },
          {
            "fieldPath": "priceHotel",
            "columnName": "priceHotel",
            "affinity": "TEXT",
            "notNull": false
          },
          {
            "fieldPath": "latitude",
            "columnName": "latitude",
            "affinity": "REAL",
            "notNull": false
          },
          {
            "fieldPath": "longitude",
            "columnName": "longitude",
            "affinity": "REAL",
            "notNull": false
          }
        ],
        "primaryKey": {
          "columnNames": [
            "id"
          ],
          "autoGenerate": true
        },
        "indices": [],
        "foreignKeys": []
      },
      {
        "tableName": "InformacoesRegisto",
        "createSql": "CREATE TABLE IF NOT EXISTS `${TABLE_NAME}` (`nomeUtilizador` TEXT NOT NULL, `ciadadePreferencia` TEXT, `cidadeHabita` TEXT, PRIMARY KEY(`nomeUtilizador`))",
        "fields": [
          {
            "fieldPath": "nomeUtilizador",
            "columnName": "nomeUtilizador",
            "affinity": "TEXT",
            "notNull": true
          },
          {
            "fieldPath": "ciadadePreferencia",
            "columnName": "ciadadePreferencia",
            "affinity": "TEXT",
            "notNull": false
          },
          {
            "fieldPath": "cidadeHabita",
            "columnName": "cidadeHabita",
            "affinity": "TEXT",
            "notNull": false
          }
        ],
        "primaryKey": {
          "columnNames": [
            "nomeUtilizador"
          ],
          "autoGenerate": false
        },
        "indices": [],
        "foreignKeys": []
      }
    ],
    "setupQueries": [
      "CREATE TABLE IF NOT EXISTS room_master_table (id INTEGER PRIMARY KEY,identity_hash TEXT)",
      "INSERT OR REPLACE INTO room_master_table (id,identity_hash) VALUES(42, \"58d48a3627aec902d41219e23f6604b2\")"
    ]
  }
}