{
  "formatVersion": 1,
  "database": {
    "version": 1,
    "identityHash": "792b7dd31f17f1c11339dada3828126f",
    "entities": [
      {
        "tableName": "InformacoesVoo",
        "createSql": "CREATE TABLE IF NOT EXISTS `${TABLE_NAME}` (`id` TEXT NOT NULL, `tipo` TEXT, `preco` TEXT, `companhia` TEXT, `hora` TEXT, `fluxoViagem` TEXT, `duracao` TEXT, `companhiaV` TEXT, `horaV` TEXT, `fluxoViagemV` TEXT, `duracaoV` TEXT, PRIMARY KEY(`id`))",
        "fields": [
          {
            "fieldPath": "id",
            "columnName": "id",
            "affinity": "TEXT",
            "notNull": true
          },
          {
            "fieldPath": "tipo",
            "columnName": "tipo",
            "affinity": "TEXT",
            "notNull": false
          },
          {
            "fieldPath": "preco",
            "columnName": "preco",
            "affinity": "TEXT",
            "notNull": false
          },
          {
            "fieldPath": "companhia",
            "columnName": "companhia",
            "affinity": "TEXT",
            "notNull": false
          },
          {
            "fieldPath": "hora",
            "columnName": "hora",
            "affinity": "TEXT",
            "notNull": false
          },
          {
            "fieldPath": "fluxoViagem",
            "columnName": "fluxoViagem",
            "affinity": "TEXT",
            "notNull": false
          },
          {
            "fieldPath": "duracao",
            "columnName": "duracao",
            "affinity": "TEXT",
            "notNull": false
          },
          {
            "fieldPath": "companhiaV",
            "columnName": "companhiaV",
            "affinity": "TEXT",
            "notNull": false
          },
          {
            "fieldPath": "horaV",
            "columnName": "horaV",
            "affinity": "TEXT",
            "notNull": false
          },
          {
            "fieldPath": "fluxoViagemV",
            "columnName": "fluxoViagemV",
            "affinity": "TEXT",
            "notNull": false
          },
          {
            "fieldPath": "duracaoV",
            "columnName": "duracaoV",
            "affinity": "TEXT",
            "notNull": false
          }
        ],
        "primaryKey": {
          "columnNames": [
            "id"
          ],
          "autoGenerate": false
        },
        "indices": [],
        "foreignKeys": []
      }
    ],
    "setupQueries": [
      "CREATE TABLE IF NOT EXISTS room_master_table (id INTEGER PRIMARY KEY,identity_hash TEXT)",
      "INSERT OR REPLACE INTO room_master_table (id,identity_hash) VALUES(42, \"792b7dd31f17f1c11339dada3828126f\")"
    ]
  }
}